{"cameraMode":{"drawMode":0,"name":"Shaded","section":"Shading Mode"},"sceneLighting":false,"audioPlay":false,"sceneViewState":{"m_AlwaysRefresh":false,"showFog":true,"showSkybox":true,"showFlares":true,"showImageEffects":true,"showParticleSystems":true,"showVisualEffectGraphs":true,"m_FxEnabled":true},"in2DMode":false,"pivot":{"x":-0.31012657284736636,"y":-2.5547070503234865,"z":-5.040464878082275},"rotation":{"x":0.000592391996178776,"y":0.9444734454154968,"z":-0.32858961820602419,"w":0.0017009477596729994},"size":4.57148551940918,"orthographic":false}