{"cameraMode":{"drawMode":0,"name":"Shaded","section":"Shading Mode"},"sceneLighting":false,"audioPlay":false,"sceneViewState":{"m_AlwaysRefresh":false,"showFog":true,"showSkybox":true,"showFlares":true,"showImageEffects":true,"showParticleSystems":true,"showVisualEffectGraphs":true,"m_FxEnabled":true},"in2DMode":false,"pivot":{"x":-3.2815937995910646,"y":1.7635953426361085,"z":2.2042651176452638},"rotation":{"x":-0.2545442283153534,"y":0.014503084123134613,"z":-0.0038171387277543546,"w":-0.9669687747955322},"size":1.3935130834579468,"orthographic":false}