{"cameraMode":{"drawMode":0,"name":"Shaded","section":"Shading Mode"},"sceneLighting":false,"audioPlay":false,"sceneViewState":{"m_AlwaysRefresh":false,"showFog":true,"showSkybox":true,"showFlares":true,"showImageEffects":true,"showParticleSystems":true,"showVisualEffectGraphs":true,"m_FxEnabled":true},"in2DMode":false,"pivot":{"x":-3.1748948097229006,"y":2.3352432250976564,"z":1.8214421272277833},"rotation":{"x":-0.2545442283153534,"y":0.014503084123134613,"z":-0.0038171387277543546,"w":-0.9669687747955322},"size":5.19341516494751,"orthographic":false}